[{"model": "admin.logentry", "pk": 3, "fields": {"action_time": "2025-05-28T11:49:56.181Z", "user": 6, "content_type": 4, "object_id": "2", "object_repr": "Q", "action_flag": 3, "change_message": ""}}, {"model": "admin.logentry", "pk": 4, "fields": {"action_time": "2025-05-28T11:49:56.181Z", "user": 6, "content_type": 4, "object_id": "1", "object_repr": "qian", "action_flag": 3, "change_message": ""}}, {"model": "admin.logentry", "pk": 5, "fields": {"action_time": "2025-05-28T14:17:17.395Z", "user": 6, "content_type": 7, "object_id": "6", "object_repr": "Milan", "action_flag": 1, "change_message": "[{\"added\": {}}]"}}, {"model": "admin.logentry", "pk": 6, "fields": {"action_time": "2025-05-28T15:54:40.415Z", "user": 6, "content_type": 7, "object_id": "6", "object_repr": "Milan", "action_flag": 3, "change_message": ""}}, {"model": "admin.logentry", "pk": 7, "fields": {"action_time": "2025-05-28T15:54:40.415Z", "user": 6, "content_type": 7, "object_id": "5", "object_repr": "Cozy aprtment in oslo", "action_flag": 3, "change_message": ""}}, {"model": "admin.logentry", "pk": 8, "fields": {"action_time": "2025-05-28T15:54:40.415Z", "user": 6, "content_type": 7, "object_id": "4", "object_repr": "gh", "action_flag": 3, "change_message": ""}}, {"model": "admin.logentry", "pk": 9, "fields": {"action_time": "2025-05-28T15:57:02.082Z", "user": 6, "content_type": 7, "object_id": "8", "object_repr": "Nordic Escape in Oslo", "action_flag": 1, "change_message": "[{\"added\": {}}]"}}, {"model": "admin.logentry", "pk": 10, "fields": {"action_time": "2025-05-28T15:58:23.481Z", "user": 6, "content_type": 7, "object_id": "9", "object_repr": "Sunny Terrace in Rome", "action_flag": 1, "change_message": "[{\"added\": {}}]"}}, {"model": "admin.logentry", "pk": 11, "fields": {"action_time": "2025-05-28T16:37:05.739Z", "user": 6, "content_type": 7, "object_id": "8", "object_repr": "Nordic Escape in Oslo", "action_flag": 2, "change_message": "[{\"changed\": {\"fields\": [\"User\"]}}]"}}, {"model": "admin.logentry", "pk": 12, "fields": {"action_time": "2025-05-28T16:37:46.470Z", "user": 6, "content_type": 7, "object_id": "9", "object_repr": "Sunny Terrace in Rome", "action_flag": 3, "change_message": ""}}, {"model": "admin.logentry", "pk": 13, "fields": {"action_time": "2025-05-28T16:37:46.470Z", "user": 6, "content_type": 7, "object_id": "8", "object_repr": "Nordic Escape in Oslo", "action_flag": 3, "change_message": ""}}, {"model": "admin.logentry", "pk": 14, "fields": {"action_time": "2025-06-01T10:31:58.070Z", "user": 7, "content_type": 7, "object_id": "13", "object_repr": "cozy room", "action_flag": 3, "change_message": ""}}, {"model": "auth.permission", "pk": 1, "fields": {"name": "Can add log entry", "content_type": 1, "codename": "add_logentry"}}, {"model": "auth.permission", "pk": 2, "fields": {"name": "Can change log entry", "content_type": 1, "codename": "change_logentry"}}, {"model": "auth.permission", "pk": 3, "fields": {"name": "Can delete log entry", "content_type": 1, "codename": "delete_logentry"}}, {"model": "auth.permission", "pk": 4, "fields": {"name": "Can view log entry", "content_type": 1, "codename": "view_logentry"}}, {"model": "auth.permission", "pk": 5, "fields": {"name": "Can add permission", "content_type": 2, "codename": "add_permission"}}, {"model": "auth.permission", "pk": 6, "fields": {"name": "Can change permission", "content_type": 2, "codename": "change_permission"}}, {"model": "auth.permission", "pk": 7, "fields": {"name": "Can delete permission", "content_type": 2, "codename": "delete_permission"}}, {"model": "auth.permission", "pk": 8, "fields": {"name": "Can view permission", "content_type": 2, "codename": "view_permission"}}, {"model": "auth.permission", "pk": 9, "fields": {"name": "Can add group", "content_type": 3, "codename": "add_group"}}, {"model": "auth.permission", "pk": 10, "fields": {"name": "Can change group", "content_type": 3, "codename": "change_group"}}, {"model": "auth.permission", "pk": 11, "fields": {"name": "Can delete group", "content_type": 3, "codename": "delete_group"}}, {"model": "auth.permission", "pk": 12, "fields": {"name": "Can view group", "content_type": 3, "codename": "view_group"}}, {"model": "auth.permission", "pk": 13, "fields": {"name": "Can add user", "content_type": 4, "codename": "add_user"}}, {"model": "auth.permission", "pk": 14, "fields": {"name": "Can change user", "content_type": 4, "codename": "change_user"}}, {"model": "auth.permission", "pk": 15, "fields": {"name": "Can delete user", "content_type": 4, "codename": "delete_user"}}, {"model": "auth.permission", "pk": 16, "fields": {"name": "Can view user", "content_type": 4, "codename": "view_user"}}, {"model": "auth.permission", "pk": 17, "fields": {"name": "Can add content type", "content_type": 5, "codename": "add_contenttype"}}, {"model": "auth.permission", "pk": 18, "fields": {"name": "Can change content type", "content_type": 5, "codename": "change_contenttype"}}, {"model": "auth.permission", "pk": 19, "fields": {"name": "Can delete content type", "content_type": 5, "codename": "delete_contenttype"}}, {"model": "auth.permission", "pk": 20, "fields": {"name": "Can view content type", "content_type": 5, "codename": "view_contenttype"}}, {"model": "auth.permission", "pk": 21, "fields": {"name": "Can add session", "content_type": 6, "codename": "add_session"}}, {"model": "auth.permission", "pk": 22, "fields": {"name": "Can change session", "content_type": 6, "codename": "change_session"}}, {"model": "auth.permission", "pk": 23, "fields": {"name": "Can delete session", "content_type": 6, "codename": "delete_session"}}, {"model": "auth.permission", "pk": 24, "fields": {"name": "Can view session", "content_type": 6, "codename": "view_session"}}, {"model": "auth.permission", "pk": 25, "fields": {"name": "Can add apartment", "content_type": 7, "codename": "add_apartment"}}, {"model": "auth.permission", "pk": 26, "fields": {"name": "Can change apartment", "content_type": 7, "codename": "change_apartment"}}, {"model": "auth.permission", "pk": 27, "fields": {"name": "Can delete apartment", "content_type": 7, "codename": "delete_apartment"}}, {"model": "auth.permission", "pk": 28, "fields": {"name": "Can view apartment", "content_type": 7, "codename": "view_apartment"}}, {"model": "auth.permission", "pk": 29, "fields": {"name": "Can add apartment image", "content_type": 8, "codename": "add_apartmentimage"}}, {"model": "auth.permission", "pk": 30, "fields": {"name": "Can change apartment image", "content_type": 8, "codename": "change_apartmentimage"}}, {"model": "auth.permission", "pk": 31, "fields": {"name": "Can delete apartment image", "content_type": 8, "codename": "delete_apartmentimage"}}, {"model": "auth.permission", "pk": 32, "fields": {"name": "Can view apartment image", "content_type": 8, "codename": "view_apartmentimage"}}, {"model": "auth.permission", "pk": 33, "fields": {"name": "Can add message", "content_type": 9, "codename": "add_message"}}, {"model": "auth.permission", "pk": 34, "fields": {"name": "Can change message", "content_type": 9, "codename": "change_message"}}, {"model": "auth.permission", "pk": 35, "fields": {"name": "Can delete message", "content_type": 9, "codename": "delete_message"}}, {"model": "auth.permission", "pk": 36, "fields": {"name": "Can view message", "content_type": 9, "codename": "view_message"}}, {"model": "auth.permission", "pk": 37, "fields": {"name": "Can add report", "content_type": 10, "codename": "add_report"}}, {"model": "auth.permission", "pk": 38, "fields": {"name": "Can change report", "content_type": 10, "codename": "change_report"}}, {"model": "auth.permission", "pk": 39, "fields": {"name": "Can delete report", "content_type": 10, "codename": "delete_report"}}, {"model": "auth.permission", "pk": 40, "fields": {"name": "Can view report", "content_type": 10, "codename": "view_report"}}, {"model": "auth.permission", "pk": 41, "fields": {"name": "Can add review", "content_type": 11, "codename": "add_review"}}, {"model": "auth.permission", "pk": 42, "fields": {"name": "Can change review", "content_type": 11, "codename": "change_review"}}, {"model": "auth.permission", "pk": 43, "fields": {"name": "Can delete review", "content_type": 11, "codename": "delete_review"}}, {"model": "auth.permission", "pk": 44, "fields": {"name": "Can view review", "content_type": 11, "codename": "view_review"}}, {"model": "auth.permission", "pk": 45, "fields": {"name": "Can add swap request", "content_type": 12, "codename": "add_swaprequest"}}, {"model": "auth.permission", "pk": 46, "fields": {"name": "Can change swap request", "content_type": 12, "codename": "change_swaprequest"}}, {"model": "auth.permission", "pk": 47, "fields": {"name": "Can delete swap request", "content_type": 12, "codename": "delete_swaprequest"}}, {"model": "auth.permission", "pk": 48, "fields": {"name": "Can view swap request", "content_type": 12, "codename": "view_swaprequest"}}, {"model": "auth.permission", "pk": 49, "fields": {"name": "Can add match", "content_type": 13, "codename": "add_match"}}, {"model": "auth.permission", "pk": 50, "fields": {"name": "Can change match", "content_type": 13, "codename": "change_match"}}, {"model": "auth.permission", "pk": 51, "fields": {"name": "Can delete match", "content_type": 13, "codename": "delete_match"}}, {"model": "auth.permission", "pk": 52, "fields": {"name": "Can view match", "content_type": 13, "codename": "view_match"}}, {"model": "auth.permission", "pk": 53, "fields": {"name": "Can add profile", "content_type": 14, "codename": "add_profile"}}, {"model": "auth.permission", "pk": 54, "fields": {"name": "Can change profile", "content_type": 14, "codename": "change_profile"}}, {"model": "auth.permission", "pk": 55, "fields": {"name": "Can delete profile", "content_type": 14, "codename": "delete_profile"}}, {"model": "auth.permission", "pk": 56, "fields": {"name": "Can view profile", "content_type": 14, "codename": "view_profile"}}, {"model": "auth.user", "pk": 3, "fields": {"password": "pbkdf2_sha256$870000$Bs2ILrAaBu5mT2C1ngH3xy$OVIWJ66zqMvGS9wTi/VqIKNQhPMy5qd1aguPEcbf0+o=", "last_login": "2025-04-28T17:34:26.958Z", "is_superuser": false, "username": "tomtom", "first_name": "Tommy", "last_name": "Elvebu", "email": "sylteboks@hotmail.com", "is_staff": false, "is_active": true, "date_joined": "2025-04-28T16:03:09.777Z", "groups": [], "user_permissions": []}}, {"model": "auth.user", "pk": 4, "fields": {"password": "pbkdf2_sha256$870000$JFJCveZ2PadBazIUKhxthP$BaJRSyxTC9Yc/mgGtmCOe6zBFfXNehT5rPSjWFDnsOw=", "last_login": "2025-05-29T08:03:39.563Z", "is_superuser": false, "username": "newtommy", "first_name": "Tommy", "last_name": "Elvebu", "email": "tommy.elvebu@hotmail.com", "is_staff": false, "is_active": true, "date_joined": "2025-04-28T17:38:29.513Z", "groups": [], "user_permissions": []}}, {"model": "auth.user", "pk": 5, "fields": {"password": "pbkdf2_sha256$870000$3JPz4yudQzpCa8h6PeOiau$ALCURZiYxk4JWDF39JwXy5Fk3Fcq00KHZe+UeVC1z6Y=", "last_login": "2025-06-01T10:39:04.442Z", "is_superuser": false, "username": "Inga", "first_name": "Inga", "last_name": "Hovde", "email": "inga@gmail.com", "is_staff": false, "is_active": true, "date_joined": "2025-05-28T07:33:51.323Z", "groups": [], "user_permissions": []}}, {"model": "auth.user", "pk": 6, "fields": {"password": "pbkdf2_sha256$870000$rfomRLg1eoTNtMvi3aeaZX$JAkk6pp73ylt4Qh86jN9RZ8kzCGHJiTzO+XbdglEmX0=", "last_login": "2025-05-28T15:39:25.578Z", "is_superuser": true, "username": "qianqian", "first_name": "Qian", "last_name": "Zhao", "email": "qian@bi.no", "is_staff": true, "is_active": true, "date_joined": "2025-05-28T11:46:53.690Z", "groups": [], "user_permissions": []}}, {"model": "auth.user", "pk": 7, "fields": {"password": "pbkdf2_sha256$870000$ZhkzKpwMCDTz77iCO6rRaA$b8UuFREvNA+zbSl9grnxd104le9xmkjiZX+ulf+3WU8=", "last_login": "2025-06-01T10:31:03.853Z", "is_superuser": true, "username": "qian", "first_name": "Benah", "last_name": "Zhao", "email": "qzhao0544@gmail.com", "is_staff": true, "is_active": true, "date_joined": "2025-05-30T11:24:52.045Z", "groups": [], "user_permissions": []}}, {"model": "auth.user", "pk": 8, "fields": {"password": "pbkdf2_sha256$870000$8vlbpv2FLeF1Sd9KCKoMai$DEXPrxtS8Od4l4+nwZCt8ErhMrXIXZiHH09TvhBBd4U=", "last_login": "2025-05-30T15:08:50.478Z", "is_superuser": false, "username": "creator", "first_name": "Umida", "last_name": "Creator", "email": "Umida@bi.no", "is_staff": false, "is_active": true, "date_joined": "2025-05-30T15:08:50.245Z", "groups": [], "user_permissions": []}}, {"model": "auth.user", "pk": 9, "fields": {"password": "pbkdf2_sha256$870000$Fdc0cBIphvlcao2Jp53w5b$6ufbQsjMR4pUUz/SpcUlneutlKZEM76CDdaQSKnaYGE=", "last_login": "2025-05-30T20:02:45.917Z", "is_superuser": false, "username": "johnsmith", "first_name": "John", "last_name": "Smith", "email": "john.smith@example.com", "is_staff": false, "is_active": true, "date_joined": "2025-05-30T19:56:26.214Z", "groups": [], "user_permissions": []}}, {"model": "auth.user", "pk": 10, "fields": {"password": "pbkdf2_sha256$870000$cbH273OclIVYj7plAKffay$HP+0srIVbt6KgEllBleq+bXx9Qgerbl3ZuA9NDlDETk=", "last_login": "2025-05-30T20:04:48.853Z", "is_superuser": false, "username": "emilyjones", "first_name": "Emily", "last_name": "Jones", "email": "emily.jones@example.com", "is_staff": false, "is_active": true, "date_joined": "2025-05-30T19:58:56.708Z", "groups": [], "user_permissions": []}}, {"model": "auth.user", "pk": 11, "fields": {"password": "pbkdf2_sha256$870000$ALWpvjT0VTFMKbGFRKGd7u$qEAoYaU7wJQgeB2BH8DvWy1dpvi4Qn1dGB56PbZwZzw=", "last_login": "2025-05-30T20:06:11.576Z", "is_superuser": false, "username": "michaelbrown", "first_name": "Michael", "last_name": "Brown", "email": "michael.brown@example.com", "is_staff": false, "is_active": true, "date_joined": "2025-05-30T20:06:11.281Z", "groups": [], "user_permissions": []}}, {"model": "auth.user", "pk": 12, "fields": {"password": "pbkdf2_sha256$870000$wPpOeXlSoGhw5PYKEN8hpy$stWl02BCmA6vdWwQ1jc5Mq/GMlImCu7l3iNHE0lajKg=", "last_login": "2025-05-30T20:09:35.472Z", "is_superuser": false, "username": "sarahdavis", "first_name": "Sarah", "last_name": "Davis", "email": "sarah.davis@example.com", "is_staff": false, "is_active": true, "date_joined": "2025-05-30T20:09:35.169Z", "groups": [], "user_permissions": []}}, {"model": "auth.user", "pk": 13, "fields": {"password": "pbkdf2_sha256$870000$v55RGavcIhqe7loAQlz7B0$v1qNY9qG+9QRpaGs/di2L2Fr5cIjHz9jU6mdolwLKLU=", "last_login": "2025-05-30T20:45:31.309Z", "is_superuser": false, "username": "davidwilson", "first_name": "David", "last_name": "Wilson", "email": "david.wilson@example.com", "is_staff": false, "is_active": true, "date_joined": "2025-05-30T20:45:31.010Z", "groups": [], "user_permissions": []}}, {"model": "auth.user", "pk": 14, "fields": {"password": "pbkdf2_sha256$870000$NH6fLdJvGgwxIDoUTbvnEw$d212TpnXV9iSHb6Otu87FVyip8VMaCldUtgv0kE6W18=", "last_login": "2025-05-30T20:48:39.762Z", "is_superuser": false, "username": "laurawhite", "first_name": "Laura", "last_name": "White", "email": "laura.white@example.com", "is_staff": false, "is_active": true, "date_joined": "2025-05-30T20:48:39.495Z", "groups": [], "user_permissions": []}}, {"model": "contenttypes.contenttype", "pk": 1, "fields": {"app_label": "admin", "model": "logentry"}}, {"model": "contenttypes.contenttype", "pk": 2, "fields": {"app_label": "auth", "model": "permission"}}, {"model": "contenttypes.contenttype", "pk": 3, "fields": {"app_label": "auth", "model": "group"}}, {"model": "contenttypes.contenttype", "pk": 4, "fields": {"app_label": "auth", "model": "user"}}, {"model": "contenttypes.contenttype", "pk": 5, "fields": {"app_label": "contenttypes", "model": "contenttype"}}, {"model": "contenttypes.contenttype", "pk": 6, "fields": {"app_label": "sessions", "model": "session"}}, {"model": "contenttypes.contenttype", "pk": 7, "fields": {"app_label": "app", "model": "apartment"}}, {"model": "contenttypes.contenttype", "pk": 8, "fields": {"app_label": "app", "model": "apartmentimage"}}, {"model": "contenttypes.contenttype", "pk": 9, "fields": {"app_label": "app", "model": "message"}}, {"model": "contenttypes.contenttype", "pk": 10, "fields": {"app_label": "app", "model": "report"}}, {"model": "contenttypes.contenttype", "pk": 11, "fields": {"app_label": "app", "model": "review"}}, {"model": "contenttypes.contenttype", "pk": 12, "fields": {"app_label": "app", "model": "swaprequest"}}, {"model": "contenttypes.contenttype", "pk": 13, "fields": {"app_label": "app", "model": "match"}}, {"model": "contenttypes.contenttype", "pk": 14, "fields": {"app_label": "app", "model": "profile"}}, {"model": "sessions.session", "pk": "0fekp07k0g3j4kbri3u0l6a9fm99c237", "fields": {"session_data": ".eJxVjMEOgjAQRP-lZ9NQttLFo3e_odnddi1qIKFwMv67kHDQ48x7M28TaV1KXGue45DMxQRz-u2Y5JnHHaQHjffJyjQu88B2V-xBq71NKb-uh_t3UKiWbe1bdybPTQZEDgrOt4KhJRHpQQGzMjauc6qJWaFHZUoBALfcsRfz-QLr1jjK:1uLfy3:VCP2Lp6WO8m7VoRTV4VlG2-e9H--xrj_5FFver9u7Mg", "expire_date": "2025-06-15T10:31:03.855Z"}}, {"model": "sessions.session", "pk": "4iosvnt9p0j0rona7vl4kyn4it9n7fkk", "fields": {"session_data": ".eJxVjMsOwiAQRf-FtSE8WhhcuvcbmhkGpGogKe3K-O_apAvd3nPOfYkJt7VMW0_LNLM4Cy1OvxthfKS6A75jvTUZW12XmeSuyIN2eW2cnpfD_Tso2Mu3TnkM3hMMAIYsAeiEDo3RIymIDICOEexolWEwg8PAQUWVs9fBk3bi_QHUmzdU:1u9MCq:UAEO_JeBSHZ5nGkcTP-iydxs-Nop_CZiUs1S5n5vVLI", "expire_date": "2025-05-12T10:59:24.724Z"}}, {"model": "sessions.session", "pk": "5xyolgt2ibd4nciflbrqs3trps0nu0jj", "fields": {"session_data": ".eJxVjEEOwiAQRe_C2hA7UKZ16b5nIAMzSNVAUtqV8e7apAvd_vfefylP25r91mTxM6uLsur0uwWKDyk74DuVW9WxlnWZg94VfdCmp8ryvB7u30Gmlr91sEADOmNRknHYAydC0yeBcwDuTEhoCRkiC7DDCIyus5QGsjGGcVTvD-hgOGo:1u9SR3:Zf5xyopkWTM7pmxlfrCqKbCtHCafIZFPLXSJmL3Rt5c", "expire_date": "2025-05-12T17:38:29.725Z"}}, {"model": "sessions.session", "pk": "6ugsnz8poz01lq7e4ztv1vfcunhhoijv", "fields": {"session_data": "eyJfcGFzc3dvcmRfcmVzZXRfdG9rZW4iOiJjcWx4dTctMGViYWIzMWUwMDMyMWFhMTFkNWFhNWYzNDIwZWQ1NjUifQ:1uKvQi:Zs-YrO7oEqrgTmbnPBepyyhjXNLrre24R76FAU_JnNc", "expire_date": "2025-06-13T08:49:32.501Z"}}, {"model": "sessions.session", "pk": "9ww5yrps3q0ar78lwory2f8ro0yn4pec", "fields": {"session_data": ".eJxVjMEOwiAQRP-FsyEBFmg8evcbyMLuStWUpLQn478rSQ96mmTem3mphPtW0955TTOpswrq9NtlLA9eBqA7LremS1u2dc56KPqgXV8b8fNyuH8HFXv9rrNlZ312JIIAOMKbYDyEIkiQYzYcJokM4kMEmshKidbF4MUDsXp_ABH7ONU:1uKIsH:EzbpGVj2FeWCLgfl-eMweXZukiP7dArgBmRz0Xl1kDg", "expire_date": "2025-06-11T15:39:25.580Z"}}, {"model": "sessions.session", "pk": "fg8qktgbpfjs676q2d4rb466iej2mb18", "fields": {"session_data": ".eJxVjMsOwiAQRf-FtSGU4VG6dO83EGCmFjVgSptojP-uTbrp9p5z7of5Rq3lWjy9nnl-s0GcmA_rMvm10ewzsoFpdthiSHcqG8BbKNfKUy3LnCPfFL7Txi8V6XHe3cPBFNr0r4OQVo-SQjdKQyoK63SE3pnO6c5BMmilAAExKgM99okAYwITQKJKaNn3B_ItPqw:1uLg5o:PZuQ00O_7FV6eIr7tIvwIAnozw5-Cnt3SSe8jshbqS4", "expire_date": "2025-06-15T10:39:04.453Z"}}, {"model": "sessions.session", "pk": "nqtj3mn7hk010m35xa41wdhp12bg7gdk", "fields": {"session_data": ".eJxVjDsOwjAQBe_iGlles_5R0ucM1tq7JgGUSPlUiLtDpBTQvpl5L5VpW_u8LTLngdVFAarT71ioPmTcCd9pvE26TuM6D0Xvij7ooruJ5Xk93L-Dnpb-W6fixbUC3sRaTUQLEoNndpaAkc6pAbbkvDCQJ2sCYig2RUIhiqGp9wcFKjgN:1uL6ed:TbEUdNF-X6jsBLBSMzWZ-GRU5yrflRYUuOiC6EqwVZY", "expire_date": "2025-06-13T20:48:39.772Z"}}, {"model": "sessions.session", "pk": "riya6rq0unfexhuy9k3npm6v887gtmn8", "fields": {"session_data": ".eJxVjMEOwiAQBf-FsyHAFig9evcbCLBbixowpU00xn_XJr30-mbmfZhv1FquxdPrmec3G6QSzghxYj6sy-TXRrPPyAam2WGLId2pbABvoVwrT7Usc458U_hOG79UpMd5dw8HU2jTvw5CWT0qCnJUhroorNMRemek09JBMmiVAAExdgZ67BMBxgQmgMIuoWXfH_ApP94:1uKBIV:V5z0Hm8M0y25hdY35DB7mK4oraxWAGlQSnJTIfEFUXI", "expire_date": "2025-06-11T07:33:59.355Z"}}, {"model": "app.apartment", "pk": 7, "fields": {"user": 6, "title": "Would like to swap with me in beautiful Poland?", "description": "this is a message from Poland", "country": "Poland", "city": "gdansk", "bedrooms": 1, "bathrooms": 1, "shared_bathroom": true, "shared_kitchen": false, "available_from": "2025-05-04", "available_until": "2025-05-14", "created_at": "2025-05-28T15:23:45.497Z", "updated_at": "2025-05-28T19:08:03.535Z"}}, {"model": "app.apartment", "pk": 10, "fields": {"user": 6, "title": "Scandinavian Minimalist Study Space", "description": "A bright, clutter-free room featuring white walls, light wood furniture, and ample natural light—perfect for focused study sessions.", "country": "Italy", "city": "Rome", "bedrooms": 1, "bathrooms": 1, "shared_bathroom": false, "shared_kitchen": false, "available_from": "2025-05-28", "available_until": "2026-05-31", "created_at": "2025-05-28T16:39:42.175Z", "updated_at": "2025-05-29T09:57:14.799Z"}}, {"model": "app.apartment", "pk": 11, "fields": {"user": 6, "title": "Cozy Dorm with Under-Bed Storage", "description": "A functional dorm room utilizing under-bed drawers for storage, paired with a compact study desk and warm lighting.", "country": "Greece", "city": "greece", "bedrooms": 1, "bathrooms": 1, "shared_bathroom": true, "shared_kitchen": false, "available_from": "2025-05-28", "available_until": "2026-06-04", "created_at": "2025-05-28T16:40:33.775Z", "updated_at": "2025-05-28T16:40:33.775Z"}}, {"model": "app.apartment", "pk": 12, "fields": {"user": 4, "title": "Lovely 2 bedroom Oslo", "description": "Lovely beautiful and nice 2 bedroom apartment in Nydalen", "country": "Norway", "city": "Oslo", "bedrooms": 2, "bathrooms": 1, "shared_bathroom": false, "shared_kitchen": false, "available_from": "2025-06-07", "available_until": "2026-06-18", "created_at": "2025-05-29T06:53:28.842Z", "updated_at": "2025-05-29T06:55:04.857Z"}}, {"model": "app.apartment", "pk": 16, "fields": {"user": 8, "title": "Spacious 1BR Apartment in Paris", "description": "Bright and spacious 1-bedroom apartment with A/C, open kitchen, and balcony. 5-minute walk to campus and metro.", "country": "France", "city": "Paris", "bedrooms": 1, "bathrooms": 1, "shared_bathroom": false, "shared_kitchen": false, "available_from": "2025-05-30", "available_until": "2025-06-16", "created_at": "2025-05-30T15:25:08.340Z", "updated_at": "2025-05-30T15:25:08.340Z"}}, {"model": "app.apartment", "pk": 17, "fields": {"user": 9, "title": "Cozy City Center Studio", "description": "A charming studio located in the heart of the city, featuring modern amenities, a fully equipped kitchen, and stunning skyline views. Perfect for exploring nearby attractions!", "country": "Spain", "city": "Madrid", "bedrooms": 1, "bathrooms": 1, "shared_bathroom": false, "shared_kitchen": false, "available_from": "2025-04-01", "available_until": "2026-04-30", "created_at": "2025-05-30T19:58:29.022Z", "updated_at": "2025-05-30T19:58:29.022Z"}}, {"model": "app.apartment", "pk": 18, "fields": {"user": 10, "title": "Bright and Breezy Beach Apartment", "description": "Enjoy beachside living in this airy two-bedroom apartment, complete with an ocean view, spacious balcony, and just steps away from the sandy shore.", "country": "Italy", "city": "Orta San Giulio", "bedrooms": 2, "bathrooms": 1, "shared_bathroom": false, "shared_kitchen": false, "available_from": "2025-04-01", "available_until": "2026-04-30", "created_at": "2025-05-30T20:00:43.066Z", "updated_at": "2025-05-30T20:01:25.046Z"}}, {"model": "app.apartment", "pk": 19, "fields": {"user": 11, "title": "Rustic Mountain Getaway", "description": "A cozy cabin nestled in the mountains, featuring a stone fireplace, open kitchen, and access to hiking trails. Perfect for nature lovers and winter sports enthusiasts!", "country": "France", "city": "Grenoble", "bedrooms": 1, "bathrooms": 1, "shared_bathroom": false, "shared_kitchen": false, "available_from": "2025-06-25", "available_until": "2026-08-14", "created_at": "2025-05-30T20:08:21.253Z", "updated_at": "2025-05-30T20:08:21.253Z"}}, {"model": "app.apartment", "pk": 20, "fields": {"user": 12, "title": "Chic Urban Loft", "description": "This stylish loft in a trendy neighborhood comes equipped with high ceilings, modern decor, and a lovely rooftop terrace for afternoon lounging.", "country": "Switzerland", "city": "Geneva", "bedrooms": 1, "bathrooms": 1, "shared_bathroom": false, "shared_kitchen": true, "available_from": "2025-06-27", "available_until": "2026-10-01", "created_at": "2025-05-30T20:10:45.345Z", "updated_at": "2025-05-30T20:10:45.345Z"}}, {"model": "app.apartment", "pk": 21, "fields": {"user": 13, "title": "Quaint Suburban Home", "description": "A welcoming three-bedroom home in a quiet suburb, featuring a spacious backyard, friendly neighbours, and close proximity to parks and schools.", "country": "Hungary", "city": "Budapest", "bedrooms": 3, "bathrooms": 1, "shared_bathroom": false, "shared_kitchen": false, "available_from": "2025-04-01", "available_until": "2026-04-30", "created_at": "2025-05-30T20:47:47.927Z", "updated_at": "2025-05-30T20:47:47.927Z"}}, {"model": "app.apartment", "pk": 22, "fields": {"user": 14, "title": "Elegant Downtown Condo", "description": "Experience luxury living in this elegant one-bedroom condo located downtown. It features a modern kitchen, stylish furnishings, and access to a rooftop pool with city views.", "country": "Czech Republic", "city": "Prague", "bedrooms": 1, "bathrooms": 2, "shared_bathroom": false, "shared_kitchen": false, "available_from": "2025-03-31", "available_until": "2026-05-01", "created_at": "2025-05-30T20:51:12.677Z", "updated_at": "2025-05-30T20:51:12.677Z"}}, {"model": "app.apartment", "pk": 23, "fields": {"user": 5, "title": "Enjoy the sunshine and culture of Rome!", "description": "Cozy apartment, centrally located with a view.", "country": "Italy", "city": "Rome", "bedrooms": 1, "bathrooms": 1, "shared_bathroom": false, "shared_kitchen": false, "available_from": "2025-05-01", "available_until": "2026-06-30", "created_at": "2025-06-01T10:45:41.514Z", "updated_at": "2025-06-01T10:45:41.514Z"}}, {"model": "app.apartmentimage", "pk": 3, "fields": {"apartment": 10, "image": "apartments/3f8ef169f8bf7464808581fce03524a3.jpg", "uploaded_at": "2025-05-28T16:39:42.180Z"}}, {"model": "app.apartmentimage", "pk": 4, "fields": {"apartment": 11, "image": "apartments/Studio_Flat_-_View_2.jpg", "uploaded_at": "2025-05-28T16:40:33.778Z"}}, {"model": "app.apartmentimage", "pk": 5, "fields": {"apartment": 7, "image": "apartments/qyamckh9gbn21CSJDjjwww.jpg", "uploaded_at": "2025-05-28T17:13:59.294Z"}}, {"model": "app.apartmentimage", "pk": 6, "fields": {"apartment": 12, "image": "apartments/485409825.jpg", "uploaded_at": "2025-05-29T06:53:28.845Z"}}, {"model": "app.apartmentimage", "pk": 13, "fields": {"apartment": 16, "image": "apartments/qyamckh9gbn21CSJDjjwww_VI8ia7I.jpg", "uploaded_at": "2025-05-30T15:25:08.344Z"}}, {"model": "app.apartmentimage", "pk": 14, "fields": {"apartment": 17, "image": "apartments/402184-Two_Italian_1970_s_lounge_chairs_a_1950_s_daybed_French_1940_s_nesting_bjJf82r.jpg", "uploaded_at": "2025-05-30T19:58:29.031Z"}}, {"model": "app.apartmentimage", "pk": 16, "fields": {"apartment": 18, "image": "apartments/Konstantin-Entalecev-cover_MN4rXA7.jpg", "uploaded_at": "2025-05-30T20:01:25.059Z"}}, {"model": "app.apartmentimage", "pk": 17, "fields": {"apartment": 19, "image": "apartments/messana_01-1024x768.jpg", "uploaded_at": "2025-05-30T20:08:21.265Z"}}, {"model": "app.apartmentimage", "pk": 18, "fields": {"apartment": 20, "image": "apartments/R.jpg", "uploaded_at": "2025-05-30T20:10:45.352Z"}}, {"model": "app.apartmentimage", "pk": 19, "fields": {"apartment": 21, "image": "apartments/unit-1.jpg", "uploaded_at": "2025-05-30T20:47:47.936Z"}}, {"model": "app.apartmentimage", "pk": 20, "fields": {"apartment": 22, "image": "apartments/R_1.jpg", "uploaded_at": "2025-05-30T20:51:12.685Z"}}, {"model": "app.apartmentimage", "pk": 21, "fields": {"apartment": 23, "image": "apartments/modern-living-room.jpg", "uploaded_at": "2025-06-01T10:45:41.523Z"}}, {"model": "app.swaprequest", "pk": 6, "fields": {"requester": 4, "recipient": 6, "apartment_requested": 11, "apartment_offered": 12, "status": "Accepted", "created_at": "2025-05-29T06:54:03.623Z", "message": "Please please please", "swap_start_date": null, "swap_end_date": null}}, {"model": "app.swaprequest", "pk": 16, "fields": {"requester": 10, "recipient": 9, "apartment_requested": 17, "apartment_offered": 18, "status": "Accepted", "created_at": "2025-05-30T20:02:37.361Z", "message": "Hey John it would be nice to do a swap.", "swap_start_date": "2025-04-03", "swap_end_date": "2025-05-16"}}, {"model": "app.message", "pk": 1, "fields": {"sender": 4, "receiver": 6, "content": "hello", "created_at": "2025-05-29T06:54:18.162Z", "is_read": false}}, {"model": "app.message", "pk": 2, "fields": {"sender": 6, "receiver": 4, "content": "hi Tommy this is Qian", "created_at": "2025-05-29T09:24:41.561Z", "is_read": false}}, {"model": "app.message", "pk": 3, "fields": {"sender": 6, "receiver": 4, "content": "how is it going", "created_at": "2025-05-29T09:44:57.712Z", "is_read": false}}, {"model": "app.message", "pk": 4, "fields": {"sender": 6, "receiver": 4, "content": "how is it going", "created_at": "2025-05-29T09:46:26.552Z", "is_read": false}}, {"model": "app.message", "pk": 5, "fields": {"sender": 6, "receiver": 4, "content": "does it work?", "created_at": "2025-05-29T09:50:51.909Z", "is_read": false}}, {"model": "app.message", "pk": 6, "fields": {"sender": 4, "receiver": 6, "content": "yes it works", "created_at": "2025-05-30T08:29:59.008Z", "is_read": false}}, {"model": "app.message", "pk": 7, "fields": {"sender": 7, "receiver": 4, "content": "Hi, tommy", "created_at": "2025-05-30T11:28:58.438Z", "is_read": false}}, {"model": "app.message", "pk": 8, "fields": {"sender": 7, "receiver": 4, "content": "hihi now it works even before swap request", "created_at": "2025-05-30T12:41:31.433Z", "is_read": false}}, {"model": "app.message", "pk": 9, "fields": {"sender": 7, "receiver": 4, "content": "hi", "created_at": "2025-05-30T13:05:17.505Z", "is_read": false}}, {"model": "app.message", "pk": 10, "fields": {"sender": 5, "receiver": 5, "content": "Hi, Louis, is the apartment available now_", "created_at": "2025-05-30T13:13:16.713Z", "is_read": true}}, {"model": "app.message", "pk": 11, "fields": {"sender": 7, "receiver": 5, "content": "Hi, Inga", "created_at": "2025-05-30T13:15:08.894Z", "is_read": true}}, {"model": "app.message", "pk": 12, "fields": {"sender": 5, "receiver": 7, "content": "how is it going", "created_at": "2025-05-30T13:16:09.693Z", "is_read": true}}, {"model": "app.message", "pk": 13, "fields": {"sender": 7, "receiver": 5, "content": "Hi, Inga, are you in latvia?", "created_at": "2025-05-30T13:26:45.672Z", "is_read": true}}, {"model": "app.message", "pk": 14, "fields": {"sender": 5, "receiver": 4, "content": "Hi, tommy", "created_at": "2025-05-30T13:44:20.287Z", "is_read": false}}, {"model": "app.message", "pk": 15, "fields": {"sender": 7, "receiver": 10, "content": "how is it going", "created_at": "2025-05-31T11:31:42.114Z", "is_read": false}}, {"model": "app.message", "pk": 16, "fields": {"sender": 7, "receiver": 5, "content": "Hi, hi", "created_at": "2025-06-01T10:29:56.353Z", "is_read": true}}, {"model": "app.review", "pk": 1, "fields": {"reviewer": 7, "reviewee": 7, "rating": 5, "comment": "very nice host, would recommend to others", "created_at": "2025-05-30T17:26:38.676Z"}}, {"model": "app.review", "pk": 2, "fields": {"reviewer": 7, "reviewee": 5, "rating": 4, "comment": "Inga's house is very clean and neighbors are all very nice, highly recommend!", "created_at": "2025-05-30T17:53:35.372Z"}}, {"model": "app.review", "pk": 3, "fields": {"reviewer": 9, "reviewee": 10, "rating": 5, "comment": "John was good at communicating and the apartment was as advertised. ", "created_at": "2025-05-30T20:04:14.491Z"}}, {"model": "app.review", "pk": 4, "fields": {"reviewer": 10, "reviewee": 9, "rating": 5, "comment": "What a perfect place! would recommend! ", "created_at": "2025-05-30T20:05:26.278Z"}}, {"model": "app.report", "pk": 1, "fields": {"reporter": 7, "reported_user": 10, "report_type": "spam", "reason": "I'm just trying to report you", "created_at": "2025-05-31T12:38:33.649Z"}}, {"model": "app.profile", "pk": 3, "fields": {"user": 3, "bio": "", "phone_number": "", "email_notifications": false, "sms_notifications": false, "avatar": ""}}, {"model": "app.profile", "pk": 4, "fields": {"user": 4, "bio": "hiii", "phone_number": "+47 40522084", "email_notifications": false, "sms_notifications": false, "avatar": "profile_pics/foto.jpg"}}, {"model": "app.profile", "pk": 5, "fields": {"user": 5, "bio": "", "phone_number": "", "email_notifications": false, "sms_notifications": false, "avatar": "profile_pics/301958782_10228557217732859_414923836411385817_n_7Ts5kZT.jpg"}}, {"model": "app.profile", "pk": 6, "fields": {"user": 6, "bio": "", "phone_number": "93995384", "email_notifications": false, "sms_notifications": false, "avatar": "profile_pics/IMG_1415_SP4rvEi.jpg"}}, {"model": "app.profile", "pk": 7, "fields": {"user": 7, "bio": "", "phone_number": "+47 93995384", "email_notifications": false, "sms_notifications": false, "avatar": "profile_pics/student-accommodation-a-student-room-erasmus-court-queens-college-JF2KJ6.jpg"}}, {"model": "app.profile", "pk": 8, "fields": {"user": 8, "bio": "", "phone_number": "", "email_notifications": false, "sms_notifications": false, "avatar": ""}}, {"model": "app.profile", "pk": 9, "fields": {"user": 9, "bio": "", "phone_number": "", "email_notifications": false, "sms_notifications": false, "avatar": "profile_pics/pexels-pixabay-220453.jpg"}}, {"model": "app.profile", "pk": 10, "fields": {"user": 10, "bio": "", "phone_number": "", "email_notifications": false, "sms_notifications": false, "avatar": "profile_pics/OIP.jpg"}}, {"model": "app.profile", "pk": 11, "fields": {"user": 11, "bio": "", "phone_number": "", "email_notifications": false, "sms_notifications": false, "avatar": "profile_pics/OIP_1.jpg"}}, {"model": "app.profile", "pk": 12, "fields": {"user": 12, "bio": "", "phone_number": "", "email_notifications": false, "sms_notifications": false, "avatar": "profile_pics/pexels-olly-733872.jpg"}}, {"model": "app.profile", "pk": 13, "fields": {"user": 13, "bio": "", "phone_number": "", "email_notifications": false, "sms_notifications": false, "avatar": "profile_pics/pexels-photo-697509.jpeg"}}, {"model": "app.profile", "pk": 14, "fields": {"user": 14, "bio": "", "phone_number": "", "email_notifications": false, "sms_notifications": false, "avatar": "profile_pics/OIP_2.jpg"}}]